                  epoch,         train/box_loss,         train/cls_loss,         train/dfl_loss,   metrics/precision(B),      metrics/recall(B),       metrics/mAP50(B),    metrics/mAP50-95(B),           val/box_loss,           val/cls_loss,           val/dfl_loss,                 lr/pg0,                 lr/pg1,                 lr/pg2
                      1,                0.99947,                 2.6549,                 1.0567,                0.41341,                0.51442,                0.32251,                0.22719,                 1.1519,                 52.778,                 1.3279,             0.00026672,             0.00026672,             0.00026672
                      2,                 1.0565,                 1.1771,                 1.0789,                0.00584,                0.28365,                0.00433,                0.00279,                    nan,                    nan,                    nan,             0.00054739,             0.00054739,             0.00054739
                      3,                 1.0874,                  1.188,                 1.0708,                0.00584,                0.28365,                0.00433,                0.00279,                    nan,                    nan,                    nan,             0.00082525,             0.00082525,             0.00082525
                      4,                 1.1635,                 1.1943,                 1.1985,                0.00584,                0.28365,                0.00433,                0.00279,                    nan,                    nan,                    nan,              0.0011003,              0.0011003,              0.0011003
                      5,                 1.1099,                 1.1272,                 1.1303,                0.00012,                0.03125,                  6e-05,                  4e-05,                    nan,                    nan,                    nan,              0.0013726,              0.0013726,              0.0013726
                      6,                 1.2151,                 1.1514,                 1.1911,                0.00905,                0.38221,                0.00597,                0.00268,                 2.4274,                    inf,                  53.93,              0.0016257,              0.0016257,              0.0016257
                      7,                 1.2305,                 1.1948,                 1.2066,                0.00012,                0.00962,                  7e-05,                  1e-05,                 3.7517,                 7.5846,                 5.7416,              0.0016175,              0.0016175,              0.0016175
                      8,                 1.1383,                0.99464,                 1.1544,                 0.0054,                 0.1851,                 0.0029,                0.00172,                 2.2272,                 71.606,                 3.1026,              0.0016092,              0.0016092,              0.0016092
                      9,                 1.1386,                0.96972,                 1.1779,                0.57264,                0.05769,                0.03489,                 0.0239,                 1.7719,                 9.9786,                 1.7796,               0.001601,               0.001601,               0.001601
                     10,                 1.1382,                0.94977,                 1.1582,                0.53473,                0.21154,                0.22123,                0.12688,                 1.9799,                  2.609,                 1.7425,              0.0015927,              0.0015927,              0.0015927
                     11,                 1.0968,                0.87347,                 1.1324,                0.48621,                0.39025,                 0.3108,                0.18424,                  1.391,                 4.2458,                  1.464,              0.0015845,              0.0015845,              0.0015845
                     12,                 1.0718,                0.89141,                 1.1229,                0.36498,                0.56971,                0.41421,                0.25058,                 1.1961,                 3.9373,                 1.2803,              0.0015762,              0.0015762,              0.0015762
                     13,                 1.0504,                0.82357,                 1.1015,                0.57119,                0.61213,                 0.5857,                0.42683,                  1.081,                 1.4757,                 1.2063,               0.001568,               0.001568,               0.001568
                     14,                 1.0013,                0.73749,                 1.0924,                0.63383,                0.68977,                0.69384,                0.47193,                  1.162,                 1.5432,                   1.25,              0.0015597,              0.0015597,              0.0015597
                     15,                0.99523,                0.75158,                 1.0556,                0.65278,                0.67235,                 0.6447,                0.42038,                 1.1803,                 1.4402,                 1.1785,              0.0015515,              0.0015515,              0.0015515
                     16,                 1.0044,                0.75442,                 1.0767,                0.69553,                0.66315,                0.63542,                0.40441,                 1.0217,                 2.1343,                 1.1689,              0.0015432,              0.0015432,              0.0015432
                     17,                0.96808,                0.70078,                 1.0617,                0.56788,                 0.6926,                0.56574,                0.38629,                 1.0646,                   1.53,                 1.1514,               0.001535,               0.001535,               0.001535
                     18,                0.96314,                0.70117,                 1.0653,                0.69992,                0.59856,                0.62011,                0.39441,                 1.0731,                 1.4261,                 1.1666,              0.0015267,              0.0015267,              0.0015267
                     19,                0.92641,                0.66098,                 1.0261,                0.71748,                0.56971,                0.60276,                0.39801,                 1.0747,                 1.2446,                 1.1748,              0.0015185,              0.0015185,              0.0015185
                     20,                0.91876,                0.64409,                 1.0226,                0.75028,                0.70192,                0.68784,                0.48298,                 1.0823,                 1.0594,                 1.1725,              0.0015102,              0.0015102,              0.0015102
                     21,                0.95595,                0.65192,                  1.048,                0.83066,                0.67867,                0.70724,                0.51774,                 1.0604,                 1.0496,                 1.1387,               0.001502,               0.001502,               0.001502
                     22,                 0.8763,                0.63088,                 1.0308,                0.79557,                0.69953,                0.71946,                0.48415,                 1.1222,                 0.9366,                 1.1982,              0.0014937,              0.0014937,              0.0014937
                     23,                0.91062,                0.62129,                 1.0189,                0.83348,                0.71875,                0.74388,                0.52061,                 1.0417,                0.81737,                 1.1496,              0.0014855,              0.0014855,              0.0014855
                     24,                0.86238,                0.58558,                 1.0037,                0.73555,                0.74452,                0.71246,                0.50426,                 1.0758,                0.83693,                 1.1946,              0.0014772,              0.0014772,              0.0014772
                     25,                0.84929,                0.59151,                 1.0123,                0.74813,                0.78606,                0.74196,                 0.5248,                0.98637,                0.86566,                  1.116,               0.001469,               0.001469,               0.001469
                     26,                0.82715,                0.54776,                0.98838,                0.80332,                0.78964,                0.75392,                0.52947,                 1.0308,                0.83245,                 1.1311,              0.0014607,              0.0014607,              0.0014607
                     27,                0.84989,                0.55945,                 1.0054,                0.85975,                0.73315,                0.76457,                0.54444,                0.98465,                0.76599,                  1.098,              0.0014525,              0.0014525,              0.0014525
                     28,                0.83044,                0.54804,                 1.0057,                0.72644,                0.74519,                 0.6887,                0.49566,                 1.0149,                0.86174,                 1.1333,              0.0014442,              0.0014442,              0.0014442
                     29,                0.83076,                0.56873,                0.99561,                0.76861,                0.69471,                0.72218,                0.46523,                 1.1417,                0.80172,                  1.221,               0.001436,               0.001436,               0.001436
                     30,                0.82434,                0.53435,                0.98755,                0.77732,                 0.7194,                0.70882,                0.50359,                 1.0467,                0.81851,                 1.1501,              0.0014277,              0.0014277,              0.0014277
                     31,                0.78467,                0.51367,                 0.9625,                0.79865,                0.64684,                0.66766,                0.48816,                 1.0634,                0.84238,                 1.1511,              0.0014195,              0.0014195,              0.0014195
                     32,                0.81594,                0.55266,                0.98544,                0.86458,                0.71635,                0.75707,                0.56517,                 1.0211,                0.90254,                 1.1059,              0.0014112,              0.0014112,              0.0014112
                     33,                0.76032,                0.49941,                0.93847,                0.69719,                0.79327,                0.74827,                0.52476,                 1.0087,                0.82673,                  1.066,              0.0014029,              0.0014029,              0.0014029
                     34,                0.77165,                0.50644,                0.96269,                0.77241,                0.69961,                0.73818,                0.50499,                 1.0297,                 0.8075,                 1.1215,              0.0013947,              0.0013947,              0.0013947
                     35,                0.72396,                0.48294,                0.94911,                 0.7829,                0.74214,                0.69873,                0.49009,                 1.0428,                0.94994,                 1.1447,              0.0013864,              0.0013864,              0.0013864
                     36,                0.75017,                0.48407,                0.96594,                0.78134,                0.77644,                0.73731,                 0.5235,                 1.0278,                0.83809,                 1.1335,              0.0013782,              0.0013782,              0.0013782
                     37,                0.71725,                0.45797,                0.94259,                0.71872,                 0.8198,                0.73225,                0.51058,                0.98868,                0.73262,                  1.109,              0.0013699,              0.0013699,              0.0013699
                     38,                0.72927,                0.47545,                0.95278,                0.75143,                0.78616,                0.74936,                0.51404,                 1.0035,                0.74924,                 1.0917,              0.0013617,              0.0013617,              0.0013617
                     39,                 0.7231,                0.47128,                 0.9471,                0.79126,                0.70433,                0.67683,                0.50519,                 1.0503,                0.83029,                 1.1231,              0.0013534,              0.0013534,              0.0013534
                     40,                0.73436,                0.45439,                0.94582,                0.69462,                0.79611,                0.73973,                0.55795,                0.98616,                0.81329,                 1.0978,              0.0013452,              0.0013452,              0.0013452
                     41,                0.71406,                0.45484,                0.94006,                0.89524,                0.71635,                 0.7393,                0.55353,                 1.1031,                0.86874,                 1.1484,              0.0013369,              0.0013369,              0.0013369
                     42,                0.71587,                0.45202,                0.93953,                 0.8382,                0.72596,                0.74307,                0.54069,                 1.0222,                0.87906,                 1.0852,              0.0013287,              0.0013287,              0.0013287
                     43,                 0.6991,                0.43907,                0.94529,                0.82609,                0.66587,                0.70385,                0.52155,                 1.0518,                0.81467,                 1.1608,              0.0013204,              0.0013204,              0.0013204
                     44,                0.68987,                0.43756,                0.94104,                0.76108,                0.75134,                0.71585,                0.53623,                0.98937,                 0.7332,                 1.1066,              0.0013122,              0.0013122,              0.0013122
                     45,                0.67292,                0.43006,                 0.9213,                0.80422,                0.68893,                0.68273,                 0.4911,                 1.0952,                0.78909,                 1.1728,              0.0013039,              0.0013039,              0.0013039
                     46,                0.70092,                0.46383,                0.93598,                0.82629,                0.73199,                 0.7267,                0.52047,                 1.0263,                0.80809,                 1.1421,              0.0012957,              0.0012957,              0.0012957
                     47,                0.70207,                0.46412,                0.93583,                 0.8495,                0.63458,                0.68123,                0.48027,                 1.0938,                0.84485,                 1.1613,              0.0012874,              0.0012874,              0.0012874
                     48,                 0.6611,                0.42115,                0.92089,                0.83615,                0.68269,                0.73373,                0.52955,                0.94983,                0.82398,                 1.0976,              0.0012792,              0.0012792,              0.0012792
                     49,                 0.6555,                0.40628,                 0.9176,                0.85322,                0.69471,                 0.7044,                0.52928,                 1.0001,                0.80055,                 1.1118,              0.0012709,              0.0012709,              0.0012709
                     50,                0.64471,                0.42799,                0.91266,                0.85455,                0.66587,                0.71759,                0.53964,                0.97105,                0.84476,                 1.0781,              0.0012627,              0.0012627,              0.0012627
                     51,                0.67243,                0.42654,                0.92225,                0.77874,                0.78606,                0.74282,                0.53734,                 1.0259,                 0.7556,                 1.1288,              0.0012544,              0.0012544,              0.0012544
                     52,                0.64953,                0.41311,                0.91146,                0.80755,                0.80529,                0.77767,                 0.5934,                0.92475,                0.61894,                 1.0613,              0.0012462,              0.0012462,              0.0012462
                     53,                0.66918,                0.42857,                0.95151,                0.80981,                 0.7149,                0.73462,                0.52625,                 1.0001,                 0.8649,                   1.08,              0.0012379,              0.0012379,              0.0012379
                     54,                0.63348,                0.39572,                0.91189,                0.86277,                0.75055,                0.76269,                0.54805,                0.94925,                0.80652,                 1.0682,              0.0012297,              0.0012297,              0.0012297
                     55,                 0.6194,                0.40006,                0.90981,                0.88003,                0.75208,                0.77709,                0.58141,                0.97189,                0.69602,                 1.1104,              0.0012214,              0.0012214,              0.0012214
                     56,                0.63635,                0.39432,                0.91372,                0.82552,                0.74314,                0.73846,                0.54887,                0.97731,                0.81646,                 1.1388,              0.0012132,              0.0012132,              0.0012132
                     57,                0.63076,                0.40248,                0.90352,                0.84796,                0.71635,                0.74875,                0.53774,                 1.0684,                0.75495,                 1.1683,              0.0012049,              0.0012049,              0.0012049
                     58,                0.61882,                0.39746,                0.89108,                0.71813,                0.74566,                0.72232,                0.52359,                 1.0317,                 0.8873,                 1.0945,              0.0011967,              0.0011967,              0.0011967
                     59,                0.60438,                0.38994,                0.89019,                0.80658,                0.73558,                 0.7437,                 0.5448,                 1.0117,                0.92263,                 1.1403,              0.0011884,              0.0011884,              0.0011884
                     60,                0.62329,                0.40022,                0.91273,                0.78948,                0.73017,                0.72019,                0.54432,                 1.0314,                0.72734,                 1.1503,              0.0011802,              0.0011802,              0.0011802
                     61,                0.60361,                0.37762,                0.88758,                 0.8385,                0.69363,                0.71332,                0.52428,                 1.0508,                0.78265,                 1.1302,              0.0011719,              0.0011719,              0.0011719
                     62,                0.60657,                0.39234,                0.91633,                0.84403,                0.75251,                0.73614,                0.54302,                 1.0765,                0.77031,                 1.1256,              0.0011636,              0.0011636,              0.0011636
                     63,                0.60568,                0.38834,                 0.9133,                 0.8049,                0.73558,                0.72772,                0.52831,                0.99687,                0.76054,                 1.0778,              0.0011554,              0.0011554,              0.0011554
                     64,                0.55783,                 0.3626,                0.88043,                0.86426,                0.71212,                0.70525,                0.54287,                 1.0339,                 0.7037,                  1.177,              0.0011471,              0.0011471,              0.0011471
                     65,                0.57161,                0.37007,                0.89972,                 0.8599,                0.71394,                0.72614,                0.54421,                 1.0244,                0.66976,                  1.143,              0.0011389,              0.0011389,              0.0011389
                     66,                0.55943,                0.37169,                0.87875,                0.84763,                0.71169,                0.73249,                0.54813,                 1.0062,                0.65824,                 1.1498,              0.0011306,              0.0011306,              0.0011306
                     67,                 0.5837,                0.38019,                0.88967,                0.83108,                0.74262,                 0.7189,                0.55171,                0.97428,                0.66983,                 1.1024,              0.0011224,              0.0011224,              0.0011224
                     68,                0.58305,                0.38545,                0.89672,                0.80329,                0.80802,                0.77646,                 0.6002,                0.91751,                0.74042,                 1.0978,              0.0011141,              0.0011141,              0.0011141
                     69,                0.56881,                0.37365,                0.87388,                0.87207,                0.71394,                0.73071,                 0.5596,                0.95481,                0.76077,                 1.1187,              0.0011059,              0.0011059,              0.0011059
                     70,                0.55743,                0.35207,                0.87748,                0.85392,                0.73112,                0.73602,                 0.5607,                0.96793,                0.71643,                 1.1465,              0.0010976,              0.0010976,              0.0010976
                     71,                0.56921,                0.36931,                0.88885,                0.82778,                0.70433,                0.71527,                0.53098,                  1.063,                0.69333,                 1.1508,              0.0010894,              0.0010894,              0.0010894
                     72,                0.55912,                0.36615,                0.89465,                0.78175,                0.72895,                0.72398,                0.52661,                 1.0027,                0.83267,                 1.1269,              0.0010811,              0.0010811,              0.0010811
                     73,                0.56585,                0.34617,                0.90362,                0.78496,                 0.7475,                0.74185,                0.52991,                 1.0709,                0.74372,                 1.1582,              0.0010729,              0.0010729,              0.0010729
                     74,                 0.5234,                  0.342,                0.88707,                0.83384,                 0.6851,                0.69308,                 0.5377,                 1.0137,                0.71273,                  1.184,              0.0010646,              0.0010646,              0.0010646
                     75,                0.54553,                0.35504,                0.88916,                0.84273,                0.69471,                0.72437,                0.52819,                 1.0384,                0.68742,                 1.1772,              0.0010564,              0.0010564,              0.0010564
                     76,                0.53553,                0.35417,                0.88267,                0.82677,                0.74519,                0.73984,                0.54722,                 1.0216,                0.62959,                  1.155,              0.0010481,              0.0010481,              0.0010481
                     77,                0.54972,                0.34961,                 0.8746,                0.78604,                0.76957,                0.74328,                0.56505,                 1.0203,                 0.6533,                 1.1811,              0.0010399,              0.0010399,              0.0010399
                     78,                0.52028,                0.34182,                0.87144,                0.82184,                0.65625,                0.68196,                0.47271,                 1.1711,                0.82231,                 1.2766,              0.0010316,              0.0010316,              0.0010316
                     79,                0.55757,                0.35242,                0.89957,                0.84699,                0.70798,                0.71139,                0.51143,                 1.1205,                0.69797,                 1.2461,              0.0010234,              0.0010234,              0.0010234
                     80,                0.51676,                0.32753,                0.87495,                0.86969,                 0.6775,                0.73396,                0.54856,                 1.0129,                0.72983,                 1.0984,              0.0010151,              0.0010151,              0.0010151
                     81,                0.53112,                0.34062,                0.86563,                0.84538,                0.68476,                0.69306,                0.53106,                 1.0247,                0.80903,                  1.123,              0.0010069,              0.0010069,              0.0010069
                     82,                0.52929,                0.33406,                0.87055,                0.83187,                0.67548,                0.70454,                0.53404,                 1.0784,                0.80884,                 1.2095,             0.00099862,             0.00099862,             0.00099862
                     83,                0.51219,                0.34044,                0.86555,                0.86086,                0.66587,                 0.7175,                0.54858,                  1.087,                0.79654,                  1.199,             0.00099036,             0.00099036,             0.00099036
                     84,                0.50606,                0.32671,                0.86813,                 0.8576,                0.66561,                0.71479,                0.53182,                 1.0636,                0.78742,                 1.1479,             0.00098211,             0.00098211,             0.00098211
                     85,                0.50677,                 0.3228,                0.88228,                0.70605,                0.71356,                0.68064,                0.51649,                 1.0839,                0.87942,                 1.1854,             0.00097386,             0.00097386,             0.00097386
                     86,                0.49935,                0.32587,                0.87001,                0.85826,                0.69471,                0.70276,                0.52914,                 1.0418,                0.79856,                 1.1572,             0.00096561,             0.00096561,             0.00096561
                     87,                0.49248,                0.32019,                0.85095,                0.84268,                 0.7008,                0.69915,                0.54629,                 1.0242,                0.90212,                 1.1389,             0.00095736,             0.00095736,             0.00095736
                     88,                0.48758,                0.32034,                0.86609,                0.83164,                0.71635,                0.70949,                0.54738,                0.97805,                0.71707,                 1.1215,             0.00094911,             0.00094911,             0.00094911
                     89,                0.49555,                0.31269,                0.85673,                0.84772,                0.70673,                0.71178,                0.54624,                0.99291,                 0.7747,                 1.0855,             0.00094085,             0.00094085,             0.00094085
                     90,                0.49534,                0.31865,                0.85067,                0.83845,                0.72596,                0.73348,                0.56252,                0.98454,                0.70856,                 1.0912,              0.0009326,              0.0009326,              0.0009326
                     91,                0.48183,                0.32084,                0.86543,                0.80706,                0.75481,                0.72587,                0.55588,                0.99136,                0.76732,                 1.1176,             0.00092435,             0.00092435,             0.00092435
                     92,                0.47278,                 0.3061,                0.86187,                0.78236,                0.72656,                0.73977,                0.54979,                0.99572,                0.78684,                 1.1015,              0.0009161,              0.0009161,              0.0009161
                     93,                0.48238,                0.31619,                0.87704,                0.83921,                 0.7412,                0.72257,                0.53628,                 1.0338,                0.75529,                 1.1702,             0.00090785,             0.00090785,             0.00090785
                     94,                0.47368,                 0.3075,                  0.859,                0.80485,                0.75481,                0.73027,                0.53438,                 1.0584,                0.68659,                 1.1728,              0.0008996,              0.0008996,              0.0008996
                     95,                0.47055,                0.30348,                 0.8472,                0.77991,                0.74247,                0.70515,                0.52379,                 1.0524,                0.70467,                  1.187,             0.00089134,             0.00089134,             0.00089134
                     96,                0.45426,                0.30271,                0.85886,                0.82963,                0.72596,                0.75314,                0.57169,                0.99356,                0.70804,                 1.1215,             0.00088309,             0.00088309,             0.00088309
                     97,                 0.4583,                0.29832,                0.85582,                0.82419,                0.78647,                0.75486,                0.54925,                 1.0728,                0.68238,                 1.1824,             0.00087484,             0.00087484,             0.00087484
                     98,                0.46016,                0.29776,                0.85468,                0.81111,                0.76175,                0.73554,                0.52265,                 1.0801,                 0.6792,                 1.1903,             0.00086659,             0.00086659,             0.00086659
                     99,                0.46544,                0.29978,                0.84685,                0.81396,                0.71996,                0.73064,                0.54458,                 1.0184,                 0.6487,                  1.152,             0.00085834,             0.00085834,             0.00085834
                    100,                0.44769,                0.28737,                0.84881,                0.83433,                0.73317,                0.72792,                 0.5593,                0.98272,                0.60481,                 1.1642,             0.00085009,             0.00085009,             0.00085009
                    101,                0.44557,                0.28971,                0.85817,                0.85376,                0.76527,                0.73539,                0.57004,                 1.0313,                0.59611,                 1.2087,             0.00084184,             0.00084184,             0.00084184
                    102,                0.44847,                0.29636,                0.85459,                0.81731,                0.76385,                0.75886,                0.57363,                0.99639,                0.66066,                 1.1743,             0.00083358,             0.00083358,             0.00083358
                    103,                0.43139,                 0.2867,                 0.8579,                 0.8603,                0.76073,                0.76573,                0.57989,                 1.0025,                0.72424,                 1.1762,             0.00082533,             0.00082533,             0.00082533
                    104,                0.45034,                0.30045,                0.85161,                0.81196,                0.73558,                0.74017,                0.55915,                 1.0923,                0.70056,                 1.2199,             0.00081708,             0.00081708,             0.00081708
                    105,                0.44391,                0.29096,                0.84383,                0.83909,                0.67403,                0.70842,                0.54226,                  1.034,                0.72767,                 1.1648,             0.00080883,             0.00080883,             0.00080883
                    106,                0.44499,                0.29516,                0.84882,                0.78636,                0.70867,                0.70439,                 0.5433,                 1.0201,                0.83246,                 1.1502,             0.00080058,             0.00080058,             0.00080058
                    107,                0.41254,                0.28005,                0.83631,                0.86633,                 0.7145,                0.74542,                0.59029,                0.93805,                0.72265,                 1.0742,             0.00079233,             0.00079233,             0.00079233
                    108,                0.41536,                0.28168,                0.84418,                0.83616,                0.71635,                0.74386,                0.57885,                 0.9627,                0.72477,                 1.0766,             0.00078407,             0.00078407,             0.00078407
                    109,                0.41701,                0.27263,                0.84347,                0.85996,                0.73558,                 0.7395,                0.57608,                0.96158,                0.66815,                 1.0989,             0.00077582,             0.00077582,             0.00077582
                    110,                0.41149,                0.27732,                0.83533,                0.85804,                0.74519,                0.73281,                0.56557,                0.99566,                0.66047,                 1.1349,             0.00076757,             0.00076757,             0.00076757
                    111,                0.42229,                0.27622,                0.84485,                0.83024,                0.76442,                0.74545,                 0.5831,                0.97139,                0.65171,                 1.1156,             0.00075932,             0.00075932,             0.00075932
                    112,                0.43033,                 0.2752,                0.83431,                0.83887,                0.76199,                0.74993,                0.59089,                0.98593,                0.67758,                 1.1259,             0.00075107,             0.00075107,             0.00075107
                    113,                0.40716,                0.26513,                 0.8388,                 0.8117,                 0.7571,                0.75487,                0.59433,                0.96675,                0.70103,                 1.0873,             0.00074282,             0.00074282,             0.00074282
                    114,                0.41627,                0.28045,                0.83495,                0.83225,                0.70743,                0.76293,                0.57442,                0.95841,                0.70125,                 1.0581,             0.00073456,             0.00073456,             0.00073456
                    115,                0.41402,                0.27397,                 0.8371,                0.77972,                0.75481,                0.74916,                0.58523,                0.95753,                0.68457,                 1.0798,             0.00072631,             0.00072631,             0.00072631
                    116,                 0.4163,                0.27101,                0.83795,                0.85032,                0.73558,                0.75309,                0.57688,                  0.998,                0.63934,                 1.1388,             0.00071806,             0.00071806,             0.00071806
                    117,                0.41974,                0.27473,                0.84703,                0.84775,                0.76442,                0.73023,                0.57465,                0.96024,                0.61583,                 1.1131,             0.00070981,             0.00070981,             0.00070981
                    118,                0.40628,                0.27391,                0.83083,                0.83236,                0.71394,                0.72682,                0.51279,                 1.0246,                0.68409,                 1.1484,             0.00070156,             0.00070156,             0.00070156
                    119,                0.38921,                0.25931,                0.83577,                 0.8227,                0.70433,                0.72439,                0.50644,                 1.0268,                0.70438,                 1.1628,             0.00069331,             0.00069331,             0.00069331
                    120,                0.39983,                0.25919,                0.83733,                0.81293,                0.74519,                0.73056,                0.55267,                0.96489,                0.73132,                 1.0874,             0.00068505,             0.00068505,             0.00068505
                    121,                0.38183,                0.25666,                0.84044,                0.79042,                0.74519,                0.75202,                0.57547,                0.96045,                0.71585,                 1.0742,              0.0006768,              0.0006768,              0.0006768
                    122,                 0.3846,                0.25983,                0.83559,                0.82848,                0.72596,                0.73317,                0.56038,                0.94005,                0.68715,                  1.061,             0.00066855,             0.00066855,             0.00066855
                    123,                0.39007,                0.25041,                0.82564,                 0.8233,                0.77718,                 0.7477,                0.57298,                0.96847,                0.56775,                 1.1148,              0.0006603,              0.0006603,              0.0006603
                    124,                0.38643,                0.25709,                0.83682,                0.85404,                0.73558,                0.74647,                0.58527,                0.93522,                0.59764,                 1.0815,             0.00065205,             0.00065205,             0.00065205
                    125,                0.38146,                0.25112,                0.83318,                0.79873,                 0.7739,                0.73779,                 0.5768,                 1.0223,                0.67318,                 1.1494,              0.0006438,              0.0006438,              0.0006438
                    126,                 0.3852,                0.25775,                0.83916,                0.84567,                0.75223,                0.73268,                0.55736,                 1.0672,                0.67389,                  1.157,             0.00063554,             0.00063554,             0.00063554
                    127,                0.37687,                0.25778,                0.82825,                0.85146,                0.71635,                0.71927,                0.55305,                 1.0621,                0.72189,                 1.1827,             0.00062729,             0.00062729,             0.00062729
                    128,                0.39017,                 0.2621,                0.84284,                0.79721,                0.75481,                0.72426,                0.54689,                 1.0724,                0.69246,                 1.2075,             0.00061904,             0.00061904,             0.00061904
                    129,                0.37912,                  0.249,                0.82597,                0.81205,                0.73301,                0.72371,                0.54649,                 1.0602,                0.75864,                 1.1936,             0.00061079,             0.00061079,             0.00061079
                    130,                 0.3887,                 0.2618,                0.83698,                0.78164,                0.73983,                0.71526,                0.53477,                 1.0577,                0.78148,                  1.187,             0.00060254,             0.00060254,             0.00060254
                    131,                0.38658,                0.25713,                0.84087,                0.78736,                0.73971,                0.72748,                0.54759,                 1.0396,                0.68452,                  1.183,             0.00059429,             0.00059429,             0.00059429
                    132,                0.38094,                0.25333,                0.83036,                0.80129,                0.73558,                0.73191,                0.56822,                0.98811,                0.62919,                 1.1599,             0.00058603,             0.00058603,             0.00058603
                    133,                0.38057,                0.24939,                0.83038,                0.80762,                0.77058,                0.75569,                0.58583,                0.96605,                0.57891,                 1.1405,             0.00057778,             0.00057778,             0.00057778
                    134,                0.37901,                0.24873,                0.83937,                0.83808,                0.74519,                0.76002,                0.57749,                0.97471,                0.64755,                  1.125,             0.00056953,             0.00056953,             0.00056953
                    135,                0.36811,                0.24105,                0.82759,                0.83014,                0.74519,                0.75076,                0.58151,                0.98874,                0.67538,                 1.1326,             0.00056128,             0.00056128,             0.00056128
                    136,                0.35151,                0.23597,                 0.8134,                0.82793,                0.73068,                0.74393,                0.58878,                0.96046,                0.70328,                 1.1024,             0.00055303,             0.00055303,             0.00055303
                    137,                0.35792,                0.24018,                0.82635,                0.79837,                0.74151,                0.74512,                0.59866,                0.96623,                0.64591,                 1.1219,             0.00054478,             0.00054478,             0.00054478
                    138,                0.36614,                0.24037,                0.82893,                 0.8269,                 0.7608,                0.75319,                0.60318,                0.96307,                0.57211,                 1.1402,             0.00053652,             0.00053652,             0.00053652
                    139,                0.35151,                 0.2371,                0.82689,                0.84834,                0.75762,                 0.7585,                0.60019,                0.95141,                0.56863,                 1.1497,             0.00052827,             0.00052827,             0.00052827
                    140,                0.34111,                0.23304,                 0.8233,                0.80669,                0.74737,                0.75018,                0.59848,                 1.0033,                0.63793,                 1.1744,             0.00052002,             0.00052002,             0.00052002
                    141,                0.35237,                 0.2334,                0.82815,                0.86102,                0.71789,                0.73844,                0.57442,                 1.0196,                 0.6698,                 1.1865,             0.00051177,             0.00051177,             0.00051177
                    142,                  0.359,                0.24393,                 0.8211,                0.87523,                0.72341,                0.73952,                0.56664,                0.99599,                0.64367,                 1.1804,             0.00050352,             0.00050352,             0.00050352
                    143,                0.33159,                0.23129,                0.81605,                0.86241,                0.72223,                0.74998,                0.57368,                 0.9811,                0.61575,                 1.1624,             0.00049527,             0.00049527,             0.00049527
                    144,                0.36877,                0.24524,                0.82806,                0.85607,                0.72596,                0.74658,                0.57875,                0.96204,                0.65028,                  1.147,             0.00048701,             0.00048701,             0.00048701
                    145,                0.34037,                0.23302,                0.82443,                0.78593,                0.76196,                0.74868,                0.58778,                0.95072,                0.65972,                 1.1359,             0.00047876,             0.00047876,             0.00047876
                    146,                0.34573,                0.23012,                0.82333,                0.80598,                0.73429,                0.73654,                0.55357,                0.98368,                0.67443,                 1.1602,             0.00047051,             0.00047051,             0.00047051
                    147,                 0.3303,                0.23109,                0.82294,                0.84629,                0.72475,                0.73314,                0.56041,                0.97503,                0.70371,                 1.1528,             0.00046226,             0.00046226,             0.00046226
                    148,                0.34854,                0.22984,                0.82575,                0.86864,                0.72596,                0.73815,                0.55893,                 0.9636,                0.66612,                 1.1516,             0.00045401,             0.00045401,             0.00045401
                    149,                0.33149,                0.22159,                0.81854,                0.82765,                0.76161,                0.74702,                0.57612,                0.95984,                0.67423,                 1.1354,             0.00044576,             0.00044576,             0.00044576
                    150,                  0.332,                0.23743,                 0.8186,                0.84215,                 0.7618,                0.74673,                 0.5738,                0.96569,                0.66899,                 1.1367,              0.0004375,              0.0004375,              0.0004375
                    151,                0.32698,                0.22361,                0.82313,                0.86657,                0.73884,                0.74683,                0.59235,                0.94573,                0.61875,                 1.1299,             0.00042925,             0.00042925,             0.00042925
                    152,                0.33637,                0.23119,                0.83236,                0.84661,                0.74519,                0.72969,                0.57528,                0.94488,                0.65217,                 1.1321,               0.000421,               0.000421,               0.000421
                    153,                 0.3261,                0.22014,                0.82821,                0.83883,                0.72977,                0.74233,                0.59216,                0.94321,                0.66379,                   1.13,             0.00041275,             0.00041275,             0.00041275
                    154,                0.32993,                 0.2263,                0.82297,                 0.8245,                0.71359,                0.72361,                0.57657,                0.95557,                0.73074,                 1.1261,              0.0004045,              0.0004045,              0.0004045
                    155,                0.32463,                 0.2198,                 0.8213,                0.85119,                0.69712,                0.72322,                0.57868,                 1.0092,                0.72268,                 1.2029,             0.00039625,             0.00039625,             0.00039625
                    156,                0.32025,                   0.22,                0.82055,                0.86054,                0.72596,                0.73757,                0.58686,                0.97757,                0.65761,                 1.1543,             0.00038799,             0.00038799,             0.00038799
                    157,                0.33618,                0.22246,                0.82737,                0.86008,                0.71745,                0.74629,                0.59849,                0.96957,                0.68615,                  1.155,             0.00037974,             0.00037974,             0.00037974
                    158,                0.32107,                0.22015,                0.82804,                0.86712,                0.70673,                0.74142,                0.58897,                0.98127,                0.71283,                 1.1587,             0.00037149,             0.00037149,             0.00037149
                    159,                0.31277,                0.21659,                0.81916,                0.86998,                0.71255,                0.73518,                0.58315,                 0.9885,                0.69922,                 1.1618,             0.00036324,             0.00036324,             0.00036324
                    160,                0.30224,                0.20997,                0.81039,                0.78424,                0.74152,                0.73713,                0.57409,                0.96304,                0.67258,                 1.1245,             0.00035499,             0.00035499,             0.00035499
                    161,                0.29803,                0.20538,                0.81142,                0.78006,                0.73558,                0.72958,                0.57894,                0.96263,                0.67859,                  1.133,             0.00034674,             0.00034674,             0.00034674
                    162,                0.30354,                0.21052,                0.81584,                 0.8495,                0.73416,                0.72612,                0.57456,                0.93645,                0.68223,                  1.094,             0.00033848,             0.00033848,             0.00033848
                    163,                0.29307,                0.20117,                0.80951,                0.82912,                0.73367,                0.72835,                0.58202,                0.94734,                0.66492,                  1.128,             0.00033023,             0.00033023,             0.00033023
                    164,                 0.2974,                0.20435,                0.81416,                  0.858,                0.70673,                0.73981,                0.59226,                0.96167,                 0.6908,                 1.1406,             0.00032198,             0.00032198,             0.00032198
                    165,                0.31044,                0.21653,                0.81851,                 0.8029,                0.77404,                0.75611,                0.60291,                0.95055,                0.68906,                 1.1358,             0.00031373,             0.00031373,             0.00031373
                    166,                0.30851,                0.20656,                0.82126,                0.84087,                0.73558,                   0.76,                0.60465,                0.95298,                0.64892,                 1.1318,             0.00030548,             0.00030548,             0.00030548
                    167,                0.31129,                 0.2136,                0.80619,                0.84836,                0.73313,                0.74416,                0.59086,                0.96395,                0.68361,                 1.1239,             0.00029723,             0.00029723,             0.00029723
                    168,                0.30237,                0.20663,                0.82219,                0.83279,                0.72916,                0.74708,                0.58972,                0.94931,                 0.6974,                 1.1076,             0.00028897,             0.00028897,             0.00028897
                    169,                0.31077,                 0.2101,                0.80568,                0.84472,                 0.7238,                0.74063,                0.58625,                0.97316,                0.71207,                 1.1338,             0.00028072,             0.00028072,             0.00028072
                    170,                0.30006,                0.20218,                0.81376,                0.84389,                0.72262,                0.73947,                0.58523,                0.97396,                0.68324,                 1.1462,             0.00027247,             0.00027247,             0.00027247
                    171,                 0.2961,                0.19921,                0.81697,                0.85272,                0.74636,                0.75254,                0.59117,                0.97276,                 0.6474,                 1.1566,             0.00026422,             0.00026422,             0.00026422
                    172,                0.30357,                0.20643,                0.82453,                0.86927,                0.73471,                0.75788,                 0.5855,                0.97087,                0.62616,                 1.1552,             0.00025597,             0.00025597,             0.00025597
                    173,                0.28476,                0.20137,                0.81026,                0.85746,                0.72596,                0.75156,                0.58563,                0.97692,                0.64188,                 1.1521,             0.00024772,             0.00024772,             0.00024772
                    174,                0.28307,                0.19543,                0.80456,                0.84285,                0.72596,                0.75211,                0.59541,                0.96985,                 0.6399,                 1.1497,             0.00023946,             0.00023946,             0.00023946
                    175,                0.29424,                0.20585,                0.80688,                 0.8473,                0.73762,                0.76326,                0.60678,                0.96318,                0.63442,                 1.1532,             0.00023121,             0.00023121,             0.00023121
                    176,                0.27887,                0.19524,                0.81496,                0.85451,                0.73087,                 0.7602,                 0.6035,                0.94269,                0.62707,                 1.1443,             0.00022296,             0.00022296,             0.00022296
                    177,                0.27514,                0.18973,                0.79731,                0.85492,                 0.7234,                0.75846,                0.59826,                0.94679,                0.64136,                 1.1424,             0.00021471,             0.00021471,             0.00021471
                    178,                0.27764,                0.19361,                 0.8115,                0.84962,                 0.7295,                0.75616,                 0.5944,                0.93965,                0.64397,                 1.1356,             0.00020646,             0.00020646,             0.00020646
                    179,                0.27558,                0.19889,                0.80937,                0.87173,                0.72334,                0.75737,                0.59414,                0.93924,                0.65561,                 1.1403,             0.00019821,             0.00019821,             0.00019821
                    180,                0.28641,                0.19759,                0.81616,                0.84319,                0.71635,                0.74218,                0.57938,                0.99167,                 0.6494,                 1.1684,             0.00018995,             0.00018995,             0.00018995
                    181,                 0.2713,                0.18712,                0.79677,                0.84264,                0.70673,                0.73815,                0.57659,                  1.004,                0.68095,                 1.1741,              0.0001817,              0.0001817,              0.0001817
                    182,                0.27566,                0.19709,                0.80463,                0.85905,                0.72009,                0.75928,                0.58377,                 0.9804,                0.69808,                 1.1561,             0.00017345,             0.00017345,             0.00017345
                    183,                0.25684,                0.18448,                0.79978,                0.86901,                0.72234,                 0.7625,                 0.5976,                0.94832,                 0.6398,                 1.1332,              0.0001652,              0.0001652,              0.0001652
                    184,                0.26703,                0.18595,                 0.8038,                0.85548,                0.71814,                0.75316,                0.59105,                0.95878,                0.66587,                 1.1435,             0.00015695,             0.00015695,             0.00015695
                    185,                0.28402,                0.20436,                0.80842,                0.86188,                0.71135,                0.75478,                0.59239,                0.96968,                0.62946,                 1.1634,              0.0001487,              0.0001487,              0.0001487
                    186,                0.24931,                0.17868,                0.79478,                0.84516,                0.72596,                0.73913,                0.58513,                0.96841,                0.67159,                 1.1636,             0.00014044,             0.00014044,             0.00014044
                    187,                0.26468,                0.18839,                0.80656,                0.84622,                0.72596,                0.72889,                0.57059,                 1.0088,                0.66441,                  1.197,             0.00013219,             0.00013219,             0.00013219
                    188,                0.25186,                0.18166,                0.80097,                 0.8629,                0.72596,                0.72973,                0.57202,                  1.022,                0.68374,                 1.2068,             0.00012394,             0.00012394,             0.00012394
                    189,                  0.259,                0.18574,                0.81418,                0.86668,                0.72596,                0.73028,                0.57899,                 1.0089,                0.69697,                    1.2,             0.00011569,             0.00011569,             0.00011569
                    190,                   0.25,                0.18619,                0.80384,                0.87022,                0.72373,                0.73492,                 0.5812,                 1.0022,                 0.7363,                 1.2061,             0.00010744,             0.00010744,             0.00010744
                    191,                0.27141,                0.18326,                0.79272,                0.87053,                0.72082,                0.73699,                0.58151,                 1.0095,                0.70257,                 1.1943,             9.9187e-05,             9.9187e-05,             9.9187e-05
                    192,                0.26464,                0.17246,                0.79288,                0.86754,                0.72596,                0.74129,                0.56928,                 1.0068,                 0.6644,                 1.1896,             9.0935e-05,             9.0935e-05,             9.0935e-05
                    193,                0.25642,                0.17909,                0.78314,                0.86211,                0.72596,                0.74008,                0.57196,                0.99798,                0.66274,                 1.1848,             8.2683e-05,             8.2683e-05,             8.2683e-05
                    194,                0.24572,                0.16833,                0.78318,                0.87004,                0.71599,                0.74715,                0.58536,                0.98767,                0.66147,                 1.1825,             7.4432e-05,             7.4432e-05,             7.4432e-05
                    195,                0.25448,                0.16689,                0.78065,                0.86947,                0.71447,                 0.7465,                0.58433,                0.99302,                0.65271,                   1.19,              6.618e-05,              6.618e-05,              6.618e-05
                    196,                 0.2365,                0.16235,                0.78673,                0.86934,                0.71209,                0.75358,                0.58985,                 0.9838,                0.64029,                 1.1625,             5.7928e-05,             5.7928e-05,             5.7928e-05
                    197,                0.24659,                0.17718,                0.78628,                0.84214,                0.72596,                0.75405,                0.58586,                0.97933,                0.59512,                 1.1601,             4.9677e-05,             4.9677e-05,             4.9677e-05
                    198,                0.23694,                 0.1722,                0.78737,                0.84292,                0.72596,                0.75209,                0.58536,                0.99679,                0.57216,                 1.1949,             4.1425e-05,             4.1425e-05,             4.1425e-05
                    199,                0.23344,                0.16312,                0.78819,                0.84319,                0.72596,                0.75278,                0.58639,                0.98964,                0.57937,                  1.193,             3.3173e-05,             3.3173e-05,             3.3173e-05
                    200,                0.23069,                0.16044,                0.79058,                0.86861,                0.71352,                0.74698,                 0.5843,                0.98603,                0.58439,                 1.1905,             2.4922e-05,             2.4922e-05,             2.4922e-05
